{"elapsed_time": 25.24616026878357, "gap": 0.02319357318928756, "iter": [0], "lb": [2708.2824827864856], "obj": 2708.2824827864856, "ub": [2772.588722239779], "x": [0.0, 0.0, 0.0, 0.0, 0.0, 0.0, 0.0, 0.0, 0.0, 0.0, 0.0, 0.0, 0.0, 0.0, 0.0, 0.0, 5.0, 0.0, 0.0, 0.0]}