{"elapsed_time": 1.8342475891113281, "gap": 0.06731086485224332, "iter": [0, 1, 2, 3, 4, 5, 6, 7, 8, 9], "lb": [80.19533001307909, 117.80968240055111, 119.65040323785391, 122.420900535487, 123.40741026208099, 123.86661904781832, 125.25192021608002, 125.49556875191735, 125.81744996206083, 126.12161118035065], "obj": 126.12161118035065, "ub": [138.62943611198904, 135.22363071276, 135.22363071276, 135.22363071276, 135.22363071276, 135.22363071276, 135.22363071276, 135.22363071276, 135.22363071276, 135.22363071276], "x": [-0.0, -0.0, 0.1310266617482354, -0.0, -0.26006104220284565, -0.0, -0.47557297570067925, -0.4561341236398939, 0.8949801897090821, -0.0]}