{"elapsed_time": 26.419590950012207, "gap": 0.000495230834724223, "iter": [0, 1], "lb": [5100.169550396388, 5534.845701158742], "obj": 5534.845701158742, "ub": [5545.177444479563, 5537.588085528697], "x": [0.056799302755173135, 0.005461017623719783, 0.0023542505391825168, 0.004079192772282192, 0.03852330892251683, 0.0, 0.0036276891166525105, 0.0, 0.029439122794329822, 0.0, 0.0063111521925708625, 0.0, 0.014271721637284367, 0.0, 0.0, 0.0, 0.026499401356427393, 0.0, 0.005154058798707492, 0.0, 0.0033343831495610474, 0.0, 0.0, 0.004478107395161426, 0.016144132906840514, 0.0, 0.0, 0.0, 0.0, 0.021653091575828134, 0.0, 0.0017923112851010864, 0.0, 0.0, 0.0, 0.0, 0.0014286111347518032, 0.0, 0.0, 0.0]}