{"elapsed_time": 3.812356948852539, "gap": 1.3107636532694429e-06, "iter": [0], "lb": [267.4453579183465], "obj": 267.4453579183465, "ub": [267.44570847646037], "x": [0.0, 0.0, 0.30460620376275926, -0.04165153275917843, 1.0, 0.5466871088300849, 0.0, 0.0, -0.004776520440417098, 0.0]}