{"elapsed_time": 0.31995415687561035, "gap": 2.166153060553599e-05, "iter": [0, 1], "lb": [0.0, 274.1384279249448], "obj": 274.1384279249448, "ub": [277.2588722239781, 274.14436631152597], "x": [-0.0, 0.029036718796146267, 0.17677104779840408, 0.0, -0.0, -0.0, -0.0, 0.1596066079425883, 0.05563355980836569, -0.0]}