{"elapsed_time": 62.99693489074707, "gap": -8.373716820786472e-08, "iter": [0, 1, 2, 3, 4, 5], "lb": [-58.53478857462159, -10.874980591310045, -10.874980068803474, -9.092868013835222, -5.328580742510293, -4.086628529268737], "obj": -4.086628529268737, "ub": [-1.3320311432467546, -4.047931123875417, -4.047931123875417, -4.086628871471466, -4.086628871471466, -4.086628871471466], "x": [-0.34540282187258525, -0.24948442683225236, -0.3028300448652128, -0.5514937410089884, 0.0]}