{"gap": 0.010438122152835773, "iter": [0, 1, 2, 3, 4, 5, 6, 7, 8, 9, 10, 11, 12, 13, 14, 15, 16, 17, 18, 19], "lb": [700.0184961054938, 795.2482100497087, 795.2320526577237, 798.241150808569, 799.3525873125648, 803.313054959468, 803.3749031985003, 804.4068731560405, 806.7618017407101, 807.2478512351017, 808.0354405754576, 809.4714028351414, 809.5253339995452, 809.650607124299, 810.08144604879, 810.9893791419204, 813.0174622721147, 813.3974759419382, 813.5350452940976, 813.6919290275916], "obj": 813.6919290275916, "ub": [831.7766166719346, 822.274935244893, 822.274935244893, 822.274935244893, 822.274935244893, 822.274935244893, 822.274935244893, 822.274935244893, 822.274935244893, 822.274935244893, 822.274935244893, 822.274935244893, 822.274935244893, 822.274935244893, 822.274935244893, 822.274935244893, 822.274935244893, 822.274935244893, 822.274935244893, 822.274935244893], "x": [-0.0, -0.0, 0.06899950309576436, -0.0, -0.0, 0.03606378913197303, -0.0, 0.04602114260055936, -0.0, -0.0, -0.0, 0.05500180979926733, -0.0, -0.0, -0.0, -0.0, -0.0, 0.18134334033493582, -0.0, -0.0]}