{"iter": [0, 1, 2, 3, 4, 5, 6, 7, 8, 9, 10, 11, 12, 13, 14, 15, 16, 17, 18, 19], "lb": [243.92555099727815, 272.4302927169246, 272.4303099416111, 272.4311502638101, 272.430885873311, 272.9375922797684, 273.3603624006485, 275.6899331381205, 275.6899331381205, 275.6899331381205, 275.6899331381205, 275.6899331381205, 275.6899331381205, 275.6899331381205, 275.6899331381205, 275.6899331381205, 275.6899331381205, 275.6899331381205, 275.6899331381205, 275.6899331381205], "ub": [277.2588722239781, 275.7183276593772, 275.7183276593772, 275.7183276593772, 275.7183276593772, 275.6909859403977, 275.6909859403977, 275.6909859403977, 275.6909859403977, 275.6909859403977, 275.6909859403977, 275.6909859403977, 275.6909859403977, 275.6909859403977, 275.6909859403977, 275.6909859403977, 275.6909859403977, 275.6909859403977, 275.6909859403977, 275.6909859403977], "x": [0.03824078227315849, 0.08369716652918371, -0.0, 0.0, -0.0, 0.0, 0.07060251531796272, -0.0, 0.1159263532001943, 0.08187777689582734]}