{"elapsed_time": 7.9694743156433105, "gap": 0.04824349341558012, "iter": [0, 1, 2, 3, 4, 5, 6, 7, 8, 9, 10, 11, 12, 13, 14, 15, 16, 17], "lb": [214.3755318715159, 222.65117549295695, 239.921491466511, 240.52900545457834, 247.86911031340009, 248.87218009758257, 250.6393610383909, 251.63103218076543, 251.95996630911188, 252.28110679292007, 254.30004092739046, 254.99671924513459, 255.02846580567007, 255.7881596398682, 256.2972011024364, 256.3705098739381, 256.4517493362839, 257.5123315679348], "obj": 257.5123315679348, "ub": [271.29114933391975, 271.29114933391975, 270.8772725520432, 270.8772725520432, 270.8772725520432, 270.8772725520432, 270.7796986965914, 270.7796986965914, 270.7796986965914, 270.7796986965914, 270.7796986965914, 270.7796986965914, 270.5653492115907, 270.5653492115907, 270.5653492115907, 270.5653492115907, 270.5653492115907, 270.5653492115907], "x": [0.0, -0.38936975663927115, 0.28517137469050796, 0.0, -0.20436788419404905, 0.2196184453575799, 0.4687994652876554, 0.0, 0.0, -0.0]}