{"elapsed_time": 7.708911657333374, "gap": 0.08815474607458676, "iter": [0, 1, 2, 3], "lb": [182.68957616464195, 233.55817548529222, 245.046893531123, 248.31113683646333], "obj": 248.31113683646333, "ub": [276.0792328460885, 272.31718953231086, 272.31718953231086, 272.31718953231086], "x": [-0.24596743380153385, 0.29247754149226135, 0.1779786148902325, -0.0, 0.0, -0.2799219335536376, 0.0, -0.0, -0.5667592027047859, -0.0]}