{"elapsed_time": 198.22598266601562, "gap": 0.04248796202965186, "iter": [0, 1, 2, 3, 4, 5, 6, 7, 8, 9, 10, 11, 12, 13, 14, 15, 16, 17, 18, 19, 20, 21, 22, 23, 24, 25, 26, 27, 28, 29, 30, 31, 32, 33, 34, 35, 36, 37, 38, 39, 40, 41, 42, 43, 44, 45, 46, 47, 48, 49, 50, 51, 52, 53, 54, 55, 56, 57, 58, 59, 60, 61, 62, 63, 64, 65, 66, 67, 68, 69, 70, 71, 72, 73, 74, 75, 76, 77, 78, 79, 80, 81, 82, 83, 84, 85, 86, 87, 88, 89, 90, 91, 92, 93, 94, 95], "lb": [-67.93727717215285, -22.478098279885984, -21.8063792257855, -17.344809015164067, -15.829509359247192, -14.157076950161866, -13.751178569329754, -13.666806074581451, -12.88243265700554, -11.549088469006172, -11.047194250424461, -10.951836694213778, -10.02599313775682, -9.717072570447872, -9.69496340793744, -9.549523141159884, -9.545142520644015, -9.520702921443748, -9.185918517770379, -8.530108524039129, -8.395031808085985, -8.249781156836322, -8.13317780228869, -8.074543275694381, -7.930992724749744, -7.735611101030738, -7.543757981466537, -7.455769653438025, -7.40857161355853, -7.037635251300563, -7.0160204981261245, -7.013271074855787, -7.003233937505121, -6.723572683513941, -6.685697067942933, -6.255916056921591, -6.2090870182295435, -6.052564485739462, -6.052291715509844, -6.023316483538435, -5.979988049062631, -5.8531543783674165, -5.808033381784499, -5.751169909139278, -5.730868519201426, -5.710014801443917, -5.569713469121744, -5.489199079967498, -5.4181546636961375, -5.417883868236535, -5.344546932440151, -5.218238779534387, -5.200722058401603, -5.121421507282638, -5.015828564109775, -4.952964408717125, -4.882515899573977, -4.870176136764746, -4.812220710133851, -4.799772706610461, -4.686900455295764, -4.6734987684246025, -4.642244176391124, -4.61664436904331, -4.607526519906921, -4.593456786016393, -4.559005736506911, -4.5584934616129775, -4.543714304656891, -4.507167022619727, -4.495888139588795, -4.4121011998179736, -4.3370675358502755, -4.328366222717925, -4.325561671242063, -4.274909356877556, -4.273766139155237, -4.049009417576567, -4.022240320517433, -3.964227022454901, -3.936892923291532, -3.9269078521099914, -3.895753572209385, -3.8899249545972223, -3.784210344364491, -3.773013000425336, -3.750106645318204, -3.6588962644787837, -3.608260296027125, -3.577598672280403, -3.5448051587994662, -3.510768992034178, -3.453285277942544, -3.4063638821962483, -3.3954736389588764, -3.363207753221496], "obj": -3.363207753221496, "ub": [-0.7562664700896349, -3.2261358175287156, -3.2261358175287156, -3.2261358175287156, -3.2261358175287156, -3.2261358175287156, -3.2261358175287156, -3.2261358175287156, -3.2261358175287156, -3.2261358175287156, -3.2261358175287156, -3.2261358175287156, -3.2261358175287156, -3.2261358175287156, -3.2261358175287156, -3.2261358175287156, -3.2261358175287156, -3.2261358175287156, -3.2261358175287156, -3.2261358175287156, -3.2261358175287156, -3.2261358175287156, -3.2261358175287156, -3.2261358175287156, -3.2261358175287156, -3.2261358175287156, -3.2261358175287156, -3.2261358175287156, -3.2261358175287156, -3.2261358175287156, -3.2261358175287156, -3.2261358175287156, -3.2261358175287156, -3.2261358175287156, -3.2261358175287156, -3.2261358175287156, -3.2261358175287156, -3.2261358175287156, -3.2261358175287156, -3.2261358175287156, -3.2261358175287156, -3.2261358175287156, -3.2261358175287156, -3.2261358175287156, -3.2261358175287156, -3.2261358175287156, -3.2261358175287156, -3.2261358175287156, -3.2261358175287156, -3.2261358175287156, -3.2261358175287156, -3.2261358175287156, -3.2261358175287156, -3.2261358175287156, -3.2261358175287156, -3.2261358175287156, -3.2261358175287156, -3.2261358175287156, -3.2261358175287156, -3.2261358175287156, -3.2261358175287156, -3.2261358175287156, -3.2261358175287156, -3.2261358175287156, -3.2261358175287156, -3.2261358175287156, -3.2261358175287156, -3.2261358175287156, -3.2261358175287156, -3.2261358175287156, -3.2261358175287156, -3.2261358175287156, -3.2261358175287156, -3.2261358175287156, -3.2261358175287156, -3.2261358175287156, -3.2261358175287156, -3.2261358175287156, -3.2261358175287156, -3.2261358175287156, -3.2261358175287156, -3.2261358175287156, -3.2261358175287156, -3.2261358175287156, -3.2261358175287156, -3.2261358175287156, -3.2261358175287156, -3.2261358175287156, -3.2261358175287156, -3.2261358175287156, -3.2261358175287156, -3.2261358175287156, -3.2261358175287156, -3.2261358175287156, -3.2261358175287156, -3.2261358175287156], "x": [0.0, -0.4084314540027652, -0.46188854934326823, 0.0, -0.455583992389538, 0.0, -0.4093077241321033, 0.0, 0.0, -0.39398114183163235]}