{"elapsed_time": 7.606130599975586, "gap": 0.03479195428943069, "iter": [0, 1], "lb": [7721.696317942329, 8019.0400867346525], "obj": 8019.0400867346525, "ub": [8317.766166719348, 8308.094946340323], "x": [0.0, 0.0, 0.0, 5.0, 0.0, 0.0, 0.0, 5.0, 0.0, 0.0, 0.0, 0.0, 0.0, 0.0, 0.0, 0.0, 5.0, 0.0, 5.0, 5.0]}