{"elapsed_time": 12.260746479034424, "gap": 0.04756372050959012, "iter": [0, 1, 2], "lb": [-4.24468444163715, -3.507580888158036, -3.451445890632404], "obj": -3.451445890632404, "ub": [-0.41206316154209865, -3.2940169338385523, -3.29473598935736], "x": [-0.32379219547363264, -0.2290708964992515, 0.0, 0.0, -0.5279843894472389, 0.0, 0.0, -0.2372657906780234, 0.0, -0.43065390683672505]}