{"elapsed_time": 33.91887092590332, "gap": 0.03325378563076054, "iter": [0, 1, 2], "lb": [-1.109925348671314, -0.8904914004700119, -0.8678394394698259], "obj": -0.8678394394698259, "ub": [0.3950258275021744, -0.8399092767635805, -0.8399092767635805], "x": [-0.3500173797214938, 0.0, -0.16411670411393975, -0.0, -0.5941392483147232, 0.0, -0.17997579474458544, -0.0, -0.0, -0.4433242386970334]}