{"elapsed_time": 81.47278499603271, "gap": 0.04734044520847052, "iter": [0, 1, 2, 3, 4, 5, 6, 7, 8, 9, 10, 11, 12, 13, 14, 15, 16, 17, 18, 19, 20, 21, 22, 23, 24, 25, 26, 27, 28, 29, 30, 31, 32, 33, 34, 35, 36, 37, 38, 39, 40, 41, 42, 43, 44, 45, 46, 47, 48, 49, 50, 51, 52, 53, 54, 55, 56, 57, 58, 59, 60, 61, 62, 63, 64, 65, 66, 67, 68, 69, 70, 71, 72, 73, 74, 75, 76, 77, 78, 79, 80, 81, 82, 83, 84, 85, 86, 87, 88, 89, 90, 91, 92, 93], "lb": [-68.73727083699646, -23.288901360073396, -22.614483423065927, -18.15378295105411, -16.629226257342804, -14.96223781942274, -14.556690399491654, -14.471023182234758, -13.684224007533928, -12.349503957743583, -11.849729756693899, -11.75346402498718, -11.299697626204956, -10.827024026541142, -10.52124898493989, -10.3586661421713, -10.354282431498403, -10.324088517315735, -10.118834056259862, -9.332148819590726, -9.196229507557941, -9.063923038146088, -8.935659820070063, -8.924508452522893, -8.730487928044925, -8.361566099409238, -7.936048022650629, -7.839901323901496, -7.813262294919268, -7.802883071472632, -7.566900104845925, -7.5275783636202895, -7.2477428989620645, -7.189787432773253, -7.05647779440706, -7.041221370764045, -6.858925689371341, -6.857570204188294, -6.856141437255993, -6.78110666579609, -6.655445870488704, -6.607688234626345, -6.53016234617247, -6.511831222494736, -6.371369927721595, -6.358200839524159, -6.29118255332291, -6.219745460320754, -6.217872095431565, -6.1441156547816815, -6.031774924155896, -5.862883345606353, -5.718683858642415, -5.681139343056176, -5.670269809815463, -5.655896351931444, -5.602052728583565, -5.474212848903496, -5.465486732184056, -5.441611769580076, -5.429177510946448, -5.4076223957031715, -5.406626391116495, -5.394992201073426, -5.361051857837203, -5.357136489280508, -5.306493303612125, -5.292104316957242, -5.287276653006, -5.282379426655284, -5.1469603166098015, -5.146926264796775, -5.124010303183648, -5.12027275450518, -5.0771322582169125, -5.045369931945946, -4.862668453078433, -4.807313119153066, -4.805010031375675, -4.764685264588097, -4.73525894313226, -4.727171827606261, -4.696034930283467, -4.69014849459225, -4.607408923009986, -4.584432202025279, -4.580879971059699, -4.57202854722234, -4.558846584666477, -4.458094846109359, -4.4063845538726625, -4.378766563384111, -4.253489683402801, -4.2167324445348076], "obj": -4.2167324445348076, "ub": [-1.5564308022749163, -4.026133492981723, -4.026133492981723, -4.026133492981723, -4.026133492981723, -4.026133492981723, -4.026133492981723, -4.026133492981723, -4.026133492981723, -4.026133492981723, -4.026133492981723, -4.026133492981723, -4.026133492981723, -4.026133492981723, -4.026133492981723, -4.026133492981723, -4.026133492981723, -4.026133492981723, -4.026133492981723, -4.026133492981723, -4.026133492981723, -4.026133492981723, -4.026133492981723, -4.026133492981723, -4.026133492981723, -4.026133492981723, -4.026133492981723, -4.026133492981723, -4.026133492981723, -4.026133492981723, -4.026133492981723, -4.026133492981723, -4.026133492981723, -4.026133492981723, -4.026133492981723, -4.026133492981723, -4.026133492981723, -4.026133492981723, -4.026133492981723, -4.026133492981723, -4.026133492981723, -4.026133492981723, -4.026133492981723, -4.026133492981723, -4.026133492981723, -4.026133492981723, -4.026133492981723, -4.026133492981723, -4.026133492981723, -4.026133492981723, -4.026133492981723, -4.026133492981723, -4.026133492981723, -4.026133492981723, -4.026133492981723, -4.026133492981723, -4.026133492981723, -4.026133492981723, -4.026133492981723, -4.026133492981723, -4.026133492981723, -4.026133492981723, -4.026133492981723, -4.026133492981723, -4.026133492981723, -4.026133492981723, -4.026133492981723, -4.026133492981723, -4.026133492981723, -4.026133492981723, -4.026133492981723, -4.026133492981723, -4.026133492981723, -4.026133492981723, -4.026133492981723, -4.026133492981723, -4.026133492981723, -4.026133492981723, -4.026133492981723, -4.026133492981723, -4.026133492981723, -4.026133492981723, -4.026133492981723, -4.026133492981723, -4.026133492981723, -4.026133492981723, -4.026133492981723, -4.026133492981723, -4.026133492981723, -4.026133492981723, -4.026133492981723, -4.026133492981723, -4.026133492981723, -4.026133492981723], "x": [-0.7113660147376045, -0.9245574224822319, 0.0, -5.0, 0.0, 0.0, 0.0, -0.781601734609299, 0.0, -0.6232787702848045]}