{"elapsed_time": 0.328782320022583, "gap": 0.001684115033739913, "iter": [0], "lb": [9687.717773615981], "obj": 9687.717773615981, "ub": [9704.060527839254], "x": [-0.16, 0.0, -0.16, 0.0, -0.16, 0.0, 0.0, 0.0, 0.0, 0.0, -0.16, 0.0, 0.0, 0.0, 0.0, 0.0, 0.0, 0.16, 0.0, 0.0]}