{"elapsed_time": 1.047703504562378, "gap": 0.0002454183364112664, "iter": [0, 1, 2, 3, 4, 5, 6], "lb": [223.72992878016225, 223.7302853100734, 223.73030328605202, 223.75097870625626, 223.74162529396276, 223.7565427700576, 230.89388796788234], "obj": 230.89388796788234, "ub": [230.95056747194454, 230.95056747194454, 230.95056747194454, 230.95056747194454, 230.95056747194454, 230.95056747194454, 230.95056747194454], "x": [2.1114419646809854, 0.0, 0.1383398560289954, 2.219145619440953, 0.020275339940009122, 0.0, -0.0, -0.0, 1.1072854594896004, 0.0]}