{"elapsed_time": 1.8329975605010986, "gap": 5.27431591663159e-08, "iter": [0, 1], "lb": [272.80968224220317, 277.20438762165054], "obj": 277.20438762165054, "ub": [277.25887222397813, 277.20440224228645], "x": [0.029102668826333382, 0.0, 0.0, 0.0, 0.012882485952067268, 0.0, 0.0, 0.0, 0.0, 0.0]}