{"elapsed_time": 157.45629239082336, "gap": 1.2000049313482501, "iter": [0, 1, 2, 3, 4, 5, 6, 7, 8, 9], "lb": [-37.87913729166387, -8.57820301988003, -8.117641582686622, -7.442006685187991, -6.922498223108594, -6.763283835364508, -6.681250024418716, -6.622534915194187, -6.319611926903812, -6.284452676496411], "obj": -6.284452676496411, "ub": [-1.415586115070817, -2.856563000813411, -2.856563000813411, -2.856563000813411, -2.856563000813411, -2.856563000813411, -2.856563000813411, -2.856563000813411, -2.856563000813411, -2.856563000813411], "x": [-0.2598980322292527, -0.28238897632864113, -0.0, -0.0, -0.0, -0.0, -0.2222399408963395, -0.0, -0.06308349594035742, -0.4552977360179026]}