{"elapsed_time": 43.84011101722717, "gap": 0.04380474454340329, "iter": [0, 1, 2, 3, 4, 5, 6, 7, 8, 9, 10, 11, 12, 13, 14, 15, 16, 17, 18, 19, 20, 21, 22, 23, 24, 25, 26, 27, 28, 29, 30, 31, 32, 33, 34, 35, 36, 37, 38, 39, 40, 41, 42, 43, 44, 45, 46, 47, 48, 49, 50, 51, 52, 53, 54, 55, 56, 57, 58, 59, 60, 61, 62, 63, 64, 65, 66, 67, 68, 69, 70, 71, 72, 73, 74, 75, 76, 77, 78, 79, 80, 81, 82, 83, 84, 85, 86, 87], "lb": [-67.17257605794732, -18.97120297055003, -18.971198396736455, -18.856475236470818, -18.226732936124286, -18.226723172030216, -17.09112789859894, -12.36067419757947, -12.074021119740102, -11.830916704765219, -11.343417815658682, -11.274171167638709, -11.031534597216915, -10.905905803706528, -10.892586618161598, -10.892579944441849, -10.402987279554523, -10.193970780873247, -10.193959798557769, -10.193965549527345, -10.084994448050729, -10.012561286874837, -9.667792833070905, -9.39411408596631, -9.39410493393548, -9.384253258828528, -9.296496110819984, -9.24114544671469, -8.990985460258255, -8.884819308882138, -8.691199664805445, -8.673462128310613, -8.59683278267972, -8.596818748403662, -8.478359004032782, -8.441853756195274, -7.9966515690969135, -5.030464240525865, -4.807637852395994, -4.62203328048306, -4.585141669824225, -4.426935312604012, -4.2412466075263815, -4.241237935961875, -4.225183039713032, -4.161078372510892, -4.127660892573193, -4.032709807531947, -4.0237816633473615, -4.0108012075657316, -4.0107941191428855, -3.8534753807895132, -3.748232510915969, -3.7135598661662836, -3.6967924478994165, -3.6967884562938487, -3.631901257068783, -3.631899352971948, -3.6318924513622295, -3.4018746199960903, -3.4018696591498516, -3.4018645245584316, -3.2690236349801145, -3.2688821662733574, -3.268873718602765, -3.2444906352082064, -3.2417719113008894, -3.215347685197704, -3.195556956882121, -3.156131028663002, -3.0958340721475945, -3.073570326448393, -3.0735771963760814, -3.0735636680808582, -3.072585785363866, -3.0509075701208443, -3.0509059801613976, -3.004036758727505, -3.004030878189631, -3.004029746431969, -2.9477877100018706, -2.947786998882325, -2.947785613461262, -2.8845030411442187, -2.8582596491083487, -2.8112776179093517, -2.6876780853046562, -2.6063028284138867], "obj": -2.6063028284138867, "ub": [0.009246490440516286, -2.4969256390878183, -2.4969256390878183, -2.4969256390878183, -2.4969256390878183, -2.4969256390878183, -2.4969256390878183, -2.4969256390878183, -2.4969256390878183, -2.4969256390878183, -2.4969256390878183, -2.4969256390878183, -2.4969256390878183, -2.4969256390878183, -2.4969256390878183, -2.4969256390878183, -2.4969256390878183, -2.4969256390878183, -2.4969256390878183, -2.4969256390878183, -2.4969256390878183, -2.4969256390878183, -2.4969256390878183, -2.4969256390878183, -2.4969256390878183, -2.4969256390878183, -2.4969256390878183, -2.4969256390878183, -2.4969256390878183, -2.4969256390878183, -2.4969256390878183, -2.4969256390878183, -2.4969256390878183, -2.4969256390878183, -2.4969256390878183, -2.4969256390878183, -2.4969256390878183, -2.4969256390878183, -2.4969256390878183, -2.4969256390878183, -2.4969256390878183, -2.4969256390878183, -2.4969256390878183, -2.4969256390878183, -2.4969256390878183, -2.4969256390878183, -2.4969256390878183, -2.4969256390878183, -2.4969256390878183, -2.4969256390878183, -2.4969256390878183, -2.4969256390878183, -2.4969256390878183, -2.4969256390878183, -2.4969256390878183, -2.4969256390878183, -2.4969256390878183, -2.4969256390878183, -2.4969256390878183, -2.4969256390878183, -2.4969256390878183, -2.4969256390878183, -2.4969256390878183, -2.4969256390878183, -2.4969256390878183, -2.4969256390878183, -2.4969256390878183, -2.4969256390878183, -2.4969256390878183, -2.4969256390878183, -2.4969256390878183, -2.4969256390878183, -2.4969256390878183, -2.4969256390878183, -2.4969256390878183, -2.4969256390878183, -2.4969256390878183, -2.4969256390878183, -2.4969256390878183, -2.4969256390878183, -2.4969256390878183, -2.4969256390878183, -2.4969256390878183, -2.4969256390878183, -2.4969256390878183, -2.4969256390878183, -2.4969256390878183, -2.4969256390878183], "x": [0.0, 0.0, 0.0, 0.0, -0.5209487665788691, -0.02674474086338555, -0.1978928477211465, -0.22796092712438493, 0.0, -0.472913091408093]}