{"elapsed_time": 0.3141751289367676, "gap": 0.0017042283241309444, "iter": [0, 1], "lb": [3.933869377042212, 4.20876273759715], "obj": 4.20876273759715, "ub": [5.721558421772794, 4.215947675055075], "x": [-0.3499109750260805, 0.0, 0.0, -0.27337192379838327, 0.0, -0.38694541583623787, -0.19200806556023242, 0.0, 0.0, -0.3971436204304262]}