{"elapsed_time": 0.4467620849609375, "gap": -120045145.80746694, "iter": [0], "lb": [8000000000.0], "obj": 8000000000.0, "ub": [66.64159452968356], "x": [0.3613065255570096, 0.0, 0.06278156849885315, 0.6479701162011939, 0.0, 0.2567437973748089, 0.0, 0.0, 0.0, 0.09107188009584423]}