{"elapsed_time": 5.355881452560425, "gap": 4.0263237190157284e-07, "iter": [0, 1], "lb": [0.826078411437541, 0.9717662034182529], "obj": 0.9717662034182529, "ub": [1.1278166142828496, 0.9717665946829459], "x": [-0.3497796017208926, 0.0]}