{"elapsed_time": 75.87855815887451, "gap": 0.03851983184084251, "iter": [0, 1, 2, 3, 4, 5, 6, 7, 8, 9, 10, 11, 12, 13, 14, 15, 16, 17, 18, 19, 20, 21, 22, 23, 24, 25, 26, 27, 28, 29, 30, 31, 32, 33, 34, 35, 36, 37, 38, 39, 40, 41, 42, 43, 44, 45, 46, 47, 48, 49, 50, 51, 52, 53, 54, 55, 56, 57, 58, 59, 60, 61, 62, 63, 64, 65, 66, 67, 68, 69, 70, 71, 72, 73, 74, 75, 76, 77, 78, 79, 80, 81, 82, 83, 84, 85, 86, 87, 88, 89, 90, 91, 92, 93, 94, 95, 96, 97, 98, 99, 100, 101, 102, 103, 104, 105, 106, 107, 108, 109, 110, 111, 112, 113, 114, 115, 116, 117, 118, 119, 120, 121, 122], "lb": [-47.116312029380325, -12.274072336794164, -12.273819667417406, -8.447164236857569, -8.447097543160638, -7.883061750523589, -7.5982908650976535, -6.9862141996154365, -6.885806760928925, -6.521830948821652, -5.133670838053822, -5.072311925994769, -3.5505840020135495, -2.643463384902417, -1.9358688608083583, -1.9344491863621032, -1.7132426825084037, -1.589391854774132, -1.5652618984917563, -1.5651391756135902, -1.4902230755958115, -1.4817476127704527, -1.4816593079119154, -1.242474115292436, -0.9465870061161356, -0.9465592050192816, -0.9465499279672436, -0.8034066021099342, -0.7788451435869658, -0.7788236384500764, -0.7186089026141617, -0.6608423387074992, -0.6292245846281755, -0.5550783398513026, -0.5550660965385369, -0.555048449606314, -0.5288335314863878, -0.47562967651904126, -0.4756240086888331, -0.06100887006426418, -0.06100482489045298, -0.060940574032488475, 0.00895941501078972, 0.06112877362019158, 0.15211914967777332, 0.23840546571489085, 0.23841143298952286, 0.2384066667689666, 0.23841570030090356, 0.41150190117798185, 0.41153887750288415, 0.6263336782093862, 0.6530537529815664, 0.6546705297329558, 0.7548107173354176, 0.7548356527896121, 0.7548950712475644, 0.8211788270340203, 0.8212159070282282, 0.9303906156672844, 0.9303958478730956, 0.9303990228122316, 1.167341231536355, 1.167345326593635, 1.1673385474923208, 1.167350592824458, 1.2304069292326913, 1.4279794863983426, 1.4279851627052376, 1.524756032814205, 1.5247642077758286, 1.5248186038959692, 1.7482540067482575, 1.79232453633694, 1.7924328950526234, 1.7924416897405608, 1.792446350090339, 1.7990521832374977, 1.7991149126555663, 1.7991354986800998, 1.7991834088041123, 1.9706862465591601, 2.2395082558167383, 2.309699006188543, 2.3097797498010917, 2.523435092674376, 2.523504269832766, 2.577646964005455, 2.592317169427078, 2.7688537394791553, 2.768892244556658, 2.8267342645078175, 2.826753048839548, 2.8364158424010797, 2.896541733867037, 2.8965817620138767, 2.8965896724475044, 3.0276564717678993, 3.027662510157438, 3.0825010432404363, 3.0825210904573455, 3.21641400898906, 3.3618862742139006, 3.3618910730925813, 3.3618932932046572, 3.6215859702237463, 3.6216682343218425, 3.711082312173603, 3.711083722265247, 3.7420617156374667, 3.7450490257757174, 3.745120412032965, 3.8240413001477314, 3.8473487034306637, 3.8608480563856538, 3.8969535852916914, 3.957118471180652, 3.9571207413633185, 3.9571522262918677, 3.9571767467453003, 4.00364321700892, 4.003668679505615, 4.053550079176964], "obj": 4.053550079176964, "ub": [5.721558421772794, 4.238544393235472, 4.238544393235472, 4.238544393235472, 4.238544393235472, 4.238544393235472, 4.238544393235472, 4.238544393235472, 4.238544393235472, 4.238544393235472, 4.238544393235472, 4.238544393235472, 4.238544393235472, 4.238544393235472, 4.215947675055075, 4.215947675055075, 4.215947675055075, 4.215947675055075, 4.215947675055075, 4.215947675055075, 4.215947675055075, 4.215947675055075, 4.215947675055075, 4.215947675055075, 4.215947675055075, 4.215947675055075, 4.215947675055075, 4.215947675055075, 4.215947675055075, 4.215947675055075, 4.215947675055075, 4.215947675055075, 4.215947675055075, 4.215947675055075, 4.215947675055075, 4.215947675055075, 4.215947675055075, 4.215947675055075, 4.215947675055075, 4.215947675055075, 4.215947675055075, 4.215947675055075, 4.215947675055075, 4.215947675055075, 4.215947675055075, 4.215947675055075, 4.215947675055075, 4.215947675055075, 4.215947675055075, 4.215947675055075, 4.215947675055075, 4.215947675055075, 4.215947675055075, 4.215947675055075, 4.215947675055075, 4.215947675055075, 4.215947675055075, 4.215947675055075, 4.215947675055075, 4.215947675055075, 4.215947675055075, 4.215947675055075, 4.215947675055075, 4.215947675055075, 4.215947675055075, 4.215947675055075, 4.215947675055075, 4.215947675055075, 4.215947675055075, 4.215947675055075, 4.215947675055075, 4.215947675055075, 4.215947675055075, 4.215947675055075, 4.215947675055075, 4.215947675055075, 4.215947675055075, 4.215947675055075, 4.215947675055075, 4.215947675055075, 4.215947675055075, 4.215947675055075, 4.215947675055075, 4.215947675055075, 4.215947675055075, 4.215947675055075, 4.215947675055075, 4.215947675055075, 4.215947675055075, 4.215947675055075, 4.215947675055075, 4.215947675055075, 4.215947675055075, 4.215947675055075, 4.215947675055075, 4.215947675055075, 4.215947675055075, 4.215947675055075, 4.215947675055075, 4.215947675055075, 4.215947675055075, 4.215947675055075, 4.215947675055075, 4.215947675055075, 4.215947675055075, 4.215947675055075, 4.215947675055075, 4.215947675055075, 4.215947675055075, 4.215947675055075, 4.215947675055075, 4.215947675055075, 4.215947675055075, 4.215947675055075, 4.215947675055075, 4.215947675055075, 4.215947675055075, 4.215947675055075, 4.215947675055075, 4.215947675055075, 4.215947675055075, 4.215947675055075, 4.215947675055075], "x": [-0.31584589381597916, -0.0, -0.0, -0.0, -0.16747984405959968, -0.0, -0.22007815696944158, -0.052801145926479054, -0.2039206542351561, 0.0]}