{"elapsed_time": 0.994347095489502, "gap": 0.03126486663714157, "iter": [0, 1], "lb": [0.0, 223.72992878016203], "obj": 223.72992878016203, "ub": [277.2588722239781, 230.95056747194454], "x": [2.11112726533568, 0.0, 0.24734585903651296, 2.167821669843787, 0.0, 0.0, 1.283177008804147, 0.0, 1.0362403462203529, 0.0]}