{"elapsed_time": 4.418242692947388, "gap": 0.04666217178446372, "iter": [0, 1], "lb": [505.5693518268572, 654.3451322338943], "obj": 654.3451322338943, "ub": [693.1471805599448, 686.3727766464153], "x": [0.0, 0.0, 0.0, 0.0, -5.0, -5.0, 0.0, 5.0, -5.0, -5.0]}